timestamp,filename
1763338374.4952555,1763338374.495255.png
1763338374.5168629,1763338374.516863.png
1763338374.5537937,1763338374.553794.png
1763338374.585795,1763338374.585795.png
1763338374.6179056,1763338374.617906.png
1763338374.653899,1763338374.653899.png
1763338374.6860604,1763338374.686060.png
1763338374.722076,1763338374.722076.png
1763338374.7543006,1763338374.754301.png
1763338374.7861452,1763338374.786145.png
1763338374.8848605,1763338374.884861.png
1763338374.9167476,1763338374.916748.png
1763338374.9526823,1763338374.952682.png
1763338374.9847033,1763338374.984703.png
1763338375.016738,1763338375.016738.png
1763338375.0527418,1763338375.052742.png
1763338375.0849545,1763338375.084955.png
1763338375.1168315,1763338375.116832.png
1763338375.148866,1763338375.148866.png
1763338375.184944,1763338375.184944.png
1763338375.216899,1763338375.216899.png
1763338375.248923,1763338375.248923.png
1763338375.2851694,1763338375.285169.png
1763338375.316978,1763338375.316978.png
1763338375.3492436,1763338375.349244.png
1763338375.385295,1763338375.385295.png
1763338375.4172277,1763338375.417228.png
1763338375.4492188,1763338375.449219.png
1763338375.4812443,1763338375.481244.png
1763338375.517278,1763338375.517278.png
1763338375.5493336,1763338375.549334.png
1763338375.5813148,1763338375.581315.png
1763338375.6173193,1763338375.617319.png
1763338375.6493301,1763338375.649330.png
1763338375.6854222,1763338375.685422.png
1763338375.7174087,1763338375.717409.png
1763338375.7494426,1763338375.749443.png
1763338375.781483,1763338375.781483.png
1763338375.8174555,1763338375.817456.png
1763338375.8494837,1763338375.849484.png
1763338375.8816056,1763338375.881606.png
1763338375.9176073,1763338375.917607.png
1763338375.9499116,1763338375.949912.png
1763338375.9818583,1763338375.981858.png
1763338376.0179744,1763338376.017974.png
1763338376.0499506,1763338376.049951.png
1763338376.082157,1763338376.082157.png
1763338376.1141956,1763338376.114196.png
1763338376.1502128,1763338376.150213.png
1763338376.1822426,1763338376.182243.png
1763338376.2807832,1763338376.280783.png
1763338376.312588,1763338376.312588.png
1763338376.3487873,1763338376.348787.png
1763338376.3807843,1763338376.380784.png
1763338376.412872,1763338376.412872.png
1763338376.44882,1763338376.448820.png
1763338376.480884,1763338376.480884.png
1763338376.5130022,1763338376.513002.png
1763338376.545025,1763338376.545025.png
1763338376.5809708,1763338376.580971.png
1763338376.612966,1763338376.612966.png
1763338376.6450198,1763338376.645020.png
1763338376.6811845,1763338376.681185.png
1763338376.7132576,1763338376.713258.png
1763338376.745367,1763338376.745367.png
1763338376.7812765,1763338376.781276.png
1763338376.8133,1763338376.813300.png
1763338376.845401,1763338376.845401.png
1763338376.8773718,1763338376.877372.png
1763338376.9133828,1763338376.913383.png
1763338376.9454622,1763338376.945462.png
1763338376.9774137,1763338376.977414.png
1763338377.013418,1763338377.013418.png
1763338377.0452554,1763338377.045255.png
1763338377.077526,1763338377.077526.png
1763338377.113563,1763338377.113563.png
1763338377.1455476,1763338377.145548.png
1763338377.181688,1763338377.181688.png
1763338377.2136414,1763338377.213641.png
1763338377.245609,1763338377.245609.png
1763338377.2777038,1763338377.277704.png
1763338377.313447,1763338377.313447.png
1763338377.3459806,1763338377.345981.png
1763338377.3778193,1763338377.377819.png
1763338377.4141312,1763338377.414131.png
1763338377.446091,1763338377.446091.png
1763338377.4782858,1763338377.478286.png
1763338377.514229,1763338377.514229.png
1763338377.5462763,1763338377.546276.png
1763338377.5782123,1763338377.578212.png
1763338377.6769066,1763338377.676907.png
1763338377.7088914,1763338377.708891.png
1763338377.7448964,1763338377.744896.png
1763338377.7769315,1763338377.776932.png
1763338377.8089314,1763338377.808931.png
1763338377.844827,1763338377.844827.png
1763338377.876973,1763338377.876973.png
1763338377.9089894,1763338377.908989.png
1763338377.94103,1763338377.941030.png
1763338377.977046,1763338377.977046.png
1763338378.009024,1763338378.009024.png
1763338378.0410767,1763338378.041077.png
1763338378.0772963,1763338378.077296.png
1763338378.109306,1763338378.109306.png
1763338378.141394,1763338378.141394.png
1763338378.177369,1763338378.177369.png
1763338378.2093983,1763338378.209398.png
1763338378.2414098,1763338378.241410.png
1763338378.27345,1763338378.273450.png
1763338378.3095434,1763338378.309543.png
1763338378.3415205,1763338378.341521.png
1763338378.3735507,1763338378.373551.png
1763338378.4095366,1763338378.409537.png
1763338378.44148,1763338378.441480.png
1763338378.4736245,1763338378.473624.png
1763338378.50967,1763338378.509670.png
1763338378.541593,1763338378.541593.png
1763338378.577726,1763338378.577726.png
1763338378.609692,1763338378.609692.png
1763338378.6417294,1763338378.641729.png
1763338378.673849,1763338378.673849.png
1763338378.7099195,1763338378.709919.png
1763338378.742117,1763338378.742117.png
1763338378.7741306,1763338378.774131.png
1763338378.810301,1763338378.810301.png
1763338378.8422427,1763338378.842243.png
1763338378.8744142,1763338378.874414.png
1763338378.9062815,1763338378.906281.png
1763338378.9424644,1763338378.942464.png
1763338378.974538,1763338378.974538.png
1763338379.0730479,1763338379.073048.png
1763338379.1050963,1763338379.105096.png
1763338379.1410294,1763338379.141029.png
1763338379.1729996,1763338379.173000.png
1763338379.2050738,1763338379.205074.png
1763338379.241024,1763338379.241024.png
1763338379.273137,1763338379.273137.png
1763338379.3052504,1763338379.305250.png
1763338379.3372164,1763338379.337216.png
1763338379.3731532,1763338379.373153.png
1763338379.4052286,1763338379.405229.png
1763338379.4371996,1763338379.437200.png
1763338379.4733834,1763338379.473383.png
1763338379.5054893,1763338379.505489.png
1763338379.5374556,1763338379.537456.png
1763338379.5734906,1763338379.573491.png
1763338379.60548,1763338379.605480.png
1763338379.6375782,1763338379.637578.png
1763338379.6695664,1763338379.669566.png
1763338379.7056184,1763338379.705618.png
1763338379.736922,1763338379.736922.png
1763338379.7690008,1763338379.769001.png
1763338379.80508,1763338379.805080.png
1763338379.8369632,1763338379.836963.png
1763338379.8695397,1763338379.869540.png
1763338379.9057255,1763338379.905725.png
1763338379.9377608,1763338379.937761.png
1763338379.9737895,1763338379.973789.png
1763338380.0058248,1763338380.005825.png
1763338380.0378063,1763338380.037806.png
1763338380.0698779,1763338380.069878.png
1763338380.105872,1763338380.105872.png
1763338380.138086,1763338380.138086.png
1763338380.1701987,1763338380.170199.png
1763338380.206296,1763338380.206296.png
1763338380.2382913,1763338380.238291.png
1763338380.2704608,1763338380.270461.png
1763338380.30248,1763338380.302480.png
1763338380.3385353,1763338380.338535.png
1763338380.3705237,1763338380.370524.png
1763338380.468662,1763338380.468662.png
1763338380.5047953,1763338380.504795.png
1763338380.536646,1763338380.536646.png
1763338380.568682,1763338380.568682.png
1763338380.6008084,1763338380.600808.png
1763338380.6328483,1763338380.632848.png
1763338380.668861,1763338380.668861.png
1763338380.700822,1763338380.700822.png
1763338380.7328858,1763338380.732886.png
1763338380.768877,1763338380.768877.png
1763338380.8008246,1763338380.800825.png
1763338380.8329325,1763338380.832932.png
1763338380.8649814,1763338380.864981.png
1763338380.9008982,1763338380.900898.png
1763338380.9330149,1763338380.933015.png
1763338380.9689329,1763338380.968933.png
1763338381.0009363,1763338381.000936.png
1763338381.0329728,1763338381.032973.png
1763338381.06913,1763338381.069130.png
1763338381.1011047,1763338381.101105.png
1763338381.1331017,1763338381.133102.png
1763338381.169095,1763338381.169095.png
1763338381.2011359,1763338381.201136.png
1763338381.2331474,1763338381.233147.png
1763338381.2691596,1763338381.269160.png
1763338381.3011854,1763338381.301185.png
1763338381.333275,1763338381.333275.png
1763338381.365313,1763338381.365313.png
1763338381.4012816,1763338381.401282.png
1763338381.4332976,1763338381.433298.png
1763338381.4652267,1763338381.465227.png
1763338381.4973025,1763338381.497303.png
1763338381.5328038,1763338381.532804.png
1763338381.5650356,1763338381.565036.png
1763338381.601651,1763338381.601651.png
1763338381.6336207,1763338381.633621.png
1763338381.6656463,1763338381.665646.png
1763338381.6976962,1763338381.697696.png
1763338381.7332163,1763338381.733216.png
1763338381.7657382,1763338381.765738.png
1763338381.7977302,1763338381.797730.png
1763338381.8337464,1763338381.833746.png
1763338381.865774,1763338381.865774.png
1763338381.8977425,1763338381.897743.png
1763338381.9338489,1763338381.933849.png
1763338381.9658723,1763338381.965872.png
1763338381.9978604,1763338381.997860.png
1763338382.03385,1763338382.033850.png
1763338382.0656407,1763338382.065641.png
1763338382.0979064,1763338382.097906.png
1763338382.1340177,1763338382.134018.png
1763338382.1659875,1763338382.165987.png
1763338382.198024,1763338382.198024.png
1763338382.2342927,1763338382.234293.png
1763338382.2663398,1763338382.266340.png
1763338382.2983768,1763338382.298377.png
1763338382.3304238,1763338382.330424.png
1763338382.3665895,1763338382.366590.png
1763338382.3983595,1763338382.398360.png
1763338382.4347165,1763338382.434716.png
1763338382.5292134,1763338382.529213.png
1763338382.5652952,1763338382.565295.png
1763338382.597224,1763338382.597224.png
1763338382.6292007,1763338382.629201.png
1763338382.665285,1763338382.665285.png
1763338382.6972175,1763338382.697217.png
1763338382.729329,1763338382.729329.png
1763338382.7613082,1763338382.761308.png
1763338382.7933547,1763338382.793355.png
1763338382.8293438,1763338382.829344.png
1763338382.8613615,1763338382.861362.png
1763338382.8933644,1763338382.893364.png
1763338382.9296556,1763338382.929656.png
1763338382.9616187,1763338382.961619.png
1763338382.9977174,1763338382.997717.png
1763338383.029705,1763338383.029705.png
1763338383.0617216,1763338383.061722.png
1763338383.093767,1763338383.093767.png
1763338383.1297708,1763338383.129771.png
1763338383.1617877,1763338383.161788.png
1763338383.1938024,1763338383.193802.png
1763338383.229853,1763338383.229853.png
1763338383.2618353,1763338383.261835.png
1763338383.2938216,1763338383.293822.png
1763338383.32995,1763338383.329950.png
1763338383.361919,1763338383.361919.png
1763338383.3979726,1763338383.397973.png
1763338383.4299502,1763338383.429950.png
1763338383.461964,1763338383.461964.png
1763338383.494001,1763338383.494001.png
1763338383.526156,1763338383.526156.png
1763338383.562022,1763338383.562022.png
1763338383.5944257,1763338383.594426.png
1763338383.630363,1763338383.630363.png
1763338383.6624768,1763338383.662477.png
1763338383.694622,1763338383.694622.png
1763338383.7263389,1763338383.726339.png
1763338383.7626429,1763338383.762643.png
1763338383.794772,1763338383.794772.png
1763338383.8266654,1763338383.826665.png
1763338383.9253514,1763338383.925351.png
1763338383.9612074,1763338383.961207.png
1763338383.9932575,1763338383.993258.png
1763338384.0253513,1763338384.025351.png
1763338384.0571983,1763338384.057198.png
1763338384.093215,1763338384.093215.png
1763338384.1253333,1763338384.125333.png
1763338384.1572897,1763338384.157290.png
1763338384.1894052,1763338384.189405.png
1763338384.2254236,1763338384.225424.png
1763338384.2573786,1763338384.257379.png
1763338384.2933118,1763338384.293312.png
1763338384.325436,1763338384.325436.png
1763338384.3575516,1763338384.357552.png
1763338384.3935704,1763338384.393570.png
1763338384.4255977,1763338384.425598.png
1763338384.4575655,1763338384.457566.png
1763338384.4895566,1763338384.489557.png
1763338384.52559,1763338384.525590.png
1763338384.5576057,1763338384.557606.png
1763338384.5895758,1763338384.589576.png
1763338384.6215832,1763338384.621583.png
1763338384.657568,1763338384.657568.png
1763338384.689568,1763338384.689568.png
1763338384.7256212,1763338384.725621.png
1763338384.7575312,1763338384.757531.png
1763338384.789647,1763338384.789647.png
1763338384.821585,1763338384.821585.png
1763338384.8576891,1763338384.857689.png
1763338384.8896475,1763338384.889647.png
1763338384.9256828,1763338384.925683.png
1763338384.9576972,1763338384.957697.png
1763338384.9898427,1763338384.989843.png
1763338385.0257719,1763338385.025772.png
1763338385.0579586,1763338385.057959.png
1763338385.0899584,1763338385.089958.png
1763338385.1221516,1763338385.122152.png
1763338385.1580882,1763338385.158088.png
1763338385.1901617,1763338385.190162.png
1763338385.222177,1763338385.222177.png
1763338385.2592282,1763338385.259228.png
1763338385.2912948,1763338385.291295.png
1763338385.322736,1763338385.322736.png
1763338385.359301,1763338385.359301.png
1763338385.3914633,1763338385.391463.png
1763338385.422169,1763338385.422169.png
1763338385.459558,1763338385.459558.png
1763338385.4906085,1763338385.490608.png
1763338385.5217893,1763338385.521789.png
1763338385.5586052,1763338385.558605.png
1763338385.5902972,1763338385.590297.png
1763338385.6235857,1763338385.623586.png
1763338385.6542737,1763338385.654274.png
1763338385.691736,1763338385.691736.png
1763338385.790137,1763338385.790137.png
1763338385.822201,1763338385.822201.png
1763338385.8529155,1763338385.852916.png
1763338385.8899922,1763338385.889992.png
1763338385.9225433,1763338385.922543.png
1763338385.9589648,1763338385.958965.png
1763338385.990999,1763338385.990999.png
1763338386.0229263,1763338386.022926.png
1763338386.0554414,1763338386.055441.png
1763338386.1547163,1763338386.154716.png
1763338386.1865678,1763338386.186568.png
1763338386.2858784,1763338386.285878.png
1763338386.3218968,1763338386.321897.png
1763338386.353919,1763338386.353919.png
1763338386.3859224,1763338386.385922.png
1763338386.4179447,1763338386.417945.png
1763338386.453962,1763338386.453962.png
1763338386.4860883,1763338386.486088.png
1763338386.5181835,1763338386.518183.png
1763338386.5543249,1763338386.554325.png
1763338386.5862837,1763338386.586284.png
1763338386.618461,1763338386.618461.png
1763338386.654537,1763338386.654537.png
1763338386.6866183,1763338386.686618.png
1763338386.7225773,1763338386.722577.png
1763338386.7546625,1763338386.754663.png
1763338386.7866178,1763338386.786618.png
1763338386.8859975,1763338386.885998.png
1763338386.9180584,1763338386.918058.png
1763338386.9500647,1763338386.950065.png
1763338386.9860668,1763338386.986067.png
1763338387.0180304,1763338387.018030.png
1763338387.0500534,1763338387.050053.png
1763338387.0861762,1763338387.086176.png
1763338387.1181417,1763338387.118142.png
1763338387.1503105,1763338387.150311.png
1763338387.186367,1763338387.186367.png
1763338387.218504,1763338387.218504.png
1763338387.250428,1763338387.250428.png
1763338387.2866263,1763338387.286626.png
1763338387.3187153,1763338387.318715.png
1763338387.3507388,1763338387.350739.png
1763338387.3867598,1763338387.386760.png
1763338387.4814405,1763338387.481441.png
1763338387.5174675,1763338387.517467.png
1763338387.5495129,1763338387.549513.png
1763338387.5815399,1763338387.581540.png
1763338387.6174922,1763338387.617492.png
1763338387.649514,1763338387.649514.png
1763338387.6816137,1763338387.681614.png
1763338387.713619,1763338387.713619.png
1763338387.749684,1763338387.749684.png
1763338387.7816944,1763338387.781694.png
1763338387.8177037,1763338387.817704.png
1763338387.849687,1763338387.849687.png
1763338387.8819394,1763338387.881939.png
1763338387.9139829,1763338387.913983.png
1763338387.9500742,1763338387.950074.png
1763338387.98205,1763338387.982050.png
1763338388.0140748,1763338388.014075.png
1763338388.0460725,1763338388.046072.png
1763338388.0821645,1763338388.082165.png
1763338388.1140668,1763338388.114067.png
1763338388.1501923,1763338388.150192.png
1763338388.1822445,1763338388.182245.png
1763338388.2143226,1763338388.214323.png
1763338388.2502341,1763338388.250234.png
1763338388.2823904,1763338388.282390.png
1763338388.3146262,1763338388.314626.png
1763338388.346374,1763338388.346374.png
1763338388.382417,1763338388.382417.png
1763338388.414568,1763338388.414568.png
1763338388.4464078,1763338388.446408.png
1763338388.4826503,1763338388.482650.png
1763338388.514687,1763338388.514687.png
1763338388.5469053,1763338388.546905.png
1763338388.583003,1763338388.583003.png
1763338388.6151123,1763338388.615112.png
1763338388.6469862,1763338388.646986.png
1763338388.683262,1763338388.683262.png
1763338388.7152972,1763338388.715297.png
1763338388.7472105,1763338388.747211.png
1763338388.7832527,1763338388.783253.png
1763338388.8152332,1763338388.815233.png
1763338388.9131296,1763338388.913130.png
1763338388.945237,1763338388.945237.png
1763338388.9770954,1763338388.977095.png
1763338389.0131724,1763338389.013172.png
1763338389.045185,1763338389.045185.png
1763338389.0771646,1763338389.077165.png
1763338389.1132104,1763338389.113210.png
1763338389.1452625,1763338389.145262.png
1763338389.1771877,1763338389.177188.png
1763338389.2091978,1763338389.209198.png
1763338389.2452166,1763338389.245217.png
1763338389.2771707,1763338389.277171.png
1763338389.309255,1763338389.309255.png
1763338389.3453102,1763338389.345310.png
1763338389.377199,1763338389.377199.png
1763338389.409317,1763338389.409317.png
1763338389.4412928,1763338389.441293.png
1763338389.4773986,1763338389.477399.png
1763338389.5094154,1763338389.509415.png
1763338389.5414345,1763338389.541435.png
1763338389.5774686,1763338389.577469.png
1763338389.6095252,1763338389.609525.png
1763338389.6454666,1763338389.645467.png
1763338389.6775203,1763338389.677520.png
1763338389.7096424,1763338389.709642.png
1763338389.7456648,1763338389.745665.png
1763338389.777671,1763338389.777671.png
1763338389.8097153,1763338389.809715.png
1763338389.8414772,1763338389.841477.png
1763338389.873749,1763338389.873749.png
1763338389.909761,1763338389.909761.png
1763338389.941798,1763338389.941798.png
1763338389.9737093,1763338389.973709.png
1763338390.009765,1763338390.009765.png
1763338390.0417101,1763338390.041710.png
1763338390.0737658,1763338390.073766.png
1763338390.109788,1763338390.109788.png
1763338390.1418164,1763338390.141816.png
1763338390.177894,1763338390.177894.png
1763338390.2098143,1763338390.209814.png
1763338390.2420597,1763338390.242060.png
1763338390.273887,1763338390.273887.png
1763338390.3100226,1763338390.310023.png
1763338390.3419914,1763338390.341991.png
1763338390.3740568,1763338390.374057.png
1763338390.410004,1763338390.410004.png
1763338390.4420676,1763338390.442068.png
1763338390.4739363,1763338390.473936.png
1763338390.5100713,1763338390.510071.png
1763338390.5421004,1763338390.542100.png
1763338390.5741324,1763338390.574132.png
1763338390.6100862,1763338390.610086.png
1763338390.6423001,1763338390.642300.png
1763338390.6742396,1763338390.674240.png
1763338390.706328,1763338390.706328.png
1763338390.7425148,1763338390.742515.png
1763338390.7744884,1763338390.774488.png
1763338390.8063846,1763338390.806385.png
1763338390.8424346,1763338390.842435.png
1763338390.8745072,1763338390.874507.png
1763338390.9062634,1763338390.906263.png
1763338390.9424212,1763338390.942421.png
1763338390.9744687,1763338390.974469.png
1763338391.0063531,1763338391.006353.png
1763338391.0424232,1763338391.042423.png
1763338391.0744786,1763338391.074479.png
1763338391.106479,1763338391.106479.png
1763338391.1425204,1763338391.142520.png
1763338391.174581,1763338391.174581.png
1763338391.2064884,1763338391.206488.png
1763338391.238543,1763338391.238543.png
1763338391.274653,1763338391.274653.png
1763338391.306698,1763338391.306698.png
1763338391.3387728,1763338391.338773.png
1763338391.37498,1763338391.374980.png
1763338391.4068923,1763338391.406892.png
1763338391.4389656,1763338391.438966.png
1763338391.475123,1763338391.475123.png
1763338391.5071635,1763338391.507164.png
1763338391.5392113,1763338391.539211.png
1763338391.6376774,1763338391.637677.png
1763338391.66966,1763338391.669660.png
1763338391.705675,1763338391.705675.png
1763338391.7376904,1763338391.737690.png
1763338391.7697425,1763338391.769742.png
1763338391.8056953,1763338391.805695.png
1763338391.8378417,1763338391.837842.png
1763338391.8698304,1763338391.869830.png
1763338391.9019558,1763338391.901956.png
1763338391.9379323,1763338391.937932.png
1763338391.9699667,1763338391.969967.png
1763338392.0019746,1763338392.001975.png
1763338392.0382707,1763338392.038271.png
1763338392.070252,1763338392.070252.png
1763338392.1024175,1763338392.102417.png
1763338392.1384087,1763338392.138409.png
1763338392.1703804,1763338392.170380.png
1763338392.2022827,1763338392.202283.png
1763338392.238463,1763338392.238463.png
1763338392.27046,1763338392.270460.png
1763338392.3025851,1763338392.302585.png
1763338392.338585,1763338392.338585.png
1763338392.370584,1763338392.370584.png
1763338392.4026031,1763338392.402603.png
1763338392.4386299,1763338392.438630.png
1763338392.470664,1763338392.470664.png
1763338392.5027072,1763338392.502707.png
1763338392.5386388,1763338392.538639.png
1763338392.5707717,1763338392.570772.png
1763338392.6028068,1763338392.602807.png
1763338392.6349058,1763338392.634906.png
1763338392.6709268,1763338392.670927.png
1763338392.7032304,1763338392.703230.png
1763338392.7391407,1763338392.739141.png
1763338392.771385,1763338392.771385.png
1763338392.8034344,1763338392.803434.png
1763338392.8355823,1763338392.835582.png
1763338392.87156,1763338392.871560.png
1763338392.903388,1763338392.903388.png
1763338392.93559,1763338392.935590.png
1763338392.9714916,1763338392.971492.png
1763338393.00349,1763338393.003490.png
1763338393.0354588,1763338393.035459.png
1763338393.071578,1763338393.071578.png
1763338393.103594,1763338393.103594.png
1763338393.1355705,1763338393.135571.png
1763338393.1674535,1763338393.167454.png
1763338393.2035215,1763338393.203521.png
1763338393.235621,1763338393.235621.png
1763338393.3334641,1763338393.333464.png
1763338393.3656144,1763338393.365614.png
1763338393.397577,1763338393.397577.png
1763338393.4336143,1763338393.433614.png
1763338393.4656937,1763338393.465694.png
1763338393.4976718,1763338393.497672.png
1763338393.5337317,1763338393.533732.png
1763338393.565726,1763338393.565726.png
1763338393.5976777,1763338393.597678.png
1763338393.6337023,1763338393.633702.png
1763338393.6657484,1763338393.665748.png
1763338393.6977005,1763338393.697701.png
1763338393.7337828,1763338393.733783.png
1763338393.7657957,1763338393.765796.png
1763338393.7978082,1763338393.797808.png
1763338393.833827,1763338393.833827.png
1763338393.8658605,1763338393.865860.png
1763338393.8978915,1763338393.897892.png
1763338393.9299939,1763338393.929994.png
1763338393.965998,1763338393.965998.png
1763338393.998012,1763338393.998012.png
1763338394.0300035,1763338394.030004.png
1763338394.0660758,1763338394.066076.png
1763338394.0980518,1763338394.098052.png
1763338394.1301417,1763338394.130142.png
1763338394.1661584,1763338394.166158.png
1763338394.198302,1763338394.198302.png
1763338394.2304008,1763338394.230401.png
1763338394.2624118,1763338394.262412.png
1763338394.2983592,1763338394.298359.png
1763338394.3304205,1763338394.330420.png
1763338394.3623056,1763338394.362306.png
1763338394.398653,1763338394.398653.png
1763338394.4306643,1763338394.430664.png
1763338394.4627602,1763338394.462760.png
1763338394.4986606,1763338394.498661.png
1763338394.5307617,1763338394.530762.png
1763338394.5627344,1763338394.562734.png
1763338394.5987198,1763338394.598720.png
1763338394.630661,1763338394.630661.png
1763338394.662793,1763338394.662793.png
1763338394.698702,1763338394.698702.png
1763338394.7429292,1763338394.742929.png
1763338394.7622805,1763338394.762280.png
1763338394.798756,1763338394.798756.png
1763338394.8307562,1763338394.830756.png
1763338394.8628347,1763338394.862835.png
1763338394.8947523,1763338394.894752.png
1763338394.930808,1763338394.930808.png
1763338394.9628649,1763338394.962865.png
1763338394.9949563,1763338394.994956.png
1763338395.0308363,1763338395.030836.png
1763338395.063074,1763338395.063074.png
1763338395.0950172,1763338395.095017.png
1763338395.131238,1763338395.131238.png
1763338395.1631439,1763338395.163144.png
1763338395.195396,1763338395.195396.png
1763338395.2312467,1763338395.231247.png
1763338395.2633486,1763338395.263349.png
1763338395.2954032,1763338395.295403.png
1763338395.3947253,1763338395.394725.png
1763338395.4265816,1763338395.426582.png
1763338395.4625592,1763338395.462559.png
1763338395.4946904,1763338395.494690.png
1763338395.5266118,1763338395.526612.png
1763338395.5626867,1763338395.562687.png
1763338395.594774,1763338395.594774.png
1763338395.6267521,1763338395.626752.png
1763338395.6629255,1763338395.662925.png
1763338395.6950588,1763338395.695059.png
1763338395.7270405,1763338395.727041.png
1763338395.7629542,1763338395.762954.png
1763338395.795144,1763338395.795144.png
1763338395.8271816,1763338395.827182.png
1763338395.8633883,1763338395.863388.png
1763338395.8953657,1763338395.895366.png
1763338395.9947646,1763338395.994765.png
1763338396.026595,1763338396.026595.png
1763338396.0586348,1763338396.058635.png
1763338396.090698,1763338396.090698.png
1763338396.126715,1763338396.126715.png
1763338396.1586227,1763338396.158623.png
1763338396.1949217,1763338396.194922.png
1763338396.2268424,1763338396.226842.png
1763338396.259023,1763338396.259023.png
1763338396.2910626,1763338396.291063.png
1763338396.3271449,1763338396.327145.png
1763338396.3590958,1763338396.359096.png
1763338396.391353,1763338396.391353.png
1763338396.4272778,1763338396.427278.png
1763338396.4594686,1763338396.459469.png
1763338396.491437,1763338396.491437.png
1763338396.5906935,1763338396.590693.png
1763338396.6226864,1763338396.622686.png
1763338396.658682,1763338396.658682.png
1763338396.690701,1763338396.690701.png
1763338396.7226443,1763338396.722644.png
1763338396.7587526,1763338396.758753.png
1763338396.7908523,1763338396.790852.png
1763338396.8268387,1763338396.826839.png
1763338396.8589761,1763338396.858976.png
1763338396.891072,1763338396.891072.png
1763338396.9272141,1763338396.927214.png
1763338396.9592383,1763338396.959238.png
1763338396.9913573,1763338396.991357.png
1763338397.023349,1763338397.023349.png
1763338397.0593808,1763338397.059381.png
1763338397.0914767,1763338397.091477.png
1763338397.1907506,1763338397.190751.png
1763338397.2227464,1763338397.222746.png
1763338397.254847,1763338397.254847.png
1763338397.290745,1763338397.290745.png
1763338397.3228784,1763338397.322878.png
1763338397.3548996,1763338397.354900.png
1763338397.3909109,1763338397.390911.png
1763338397.422887,1763338397.422887.png
1763338397.4551606,1763338397.455161.png
1763338397.4911063,1763338397.491106.png
1763338397.5232544,1763338397.523254.png
1763338397.5552764,1763338397.555276.png
1763338397.5914092,1763338397.591409.png
1763338397.6234298,1763338397.623430.png
1763338397.6554444,1763338397.655444.png
1763338397.6915033,1763338397.691503.png
1763338397.7867286,1763338397.786729.png
1763338397.8227487,1763338397.822749.png
1763338397.8548832,1763338397.854883.png
1763338397.886802,1763338397.886802.png
1763338397.9228768,1763338397.922877.png
1763338397.954907,1763338397.954907.png
1763338397.9869044,1763338397.986904.png
1763338398.0229592,1763338398.022959.png
1763338398.0552552,1763338398.055255.png
1763338398.0871565,1763338398.087157.png
1763338398.1192188,1763338398.119219.png
1763338398.1552594,1763338398.155259.png
1763338398.1873066,1763338398.187307.png
1763338398.2233496,1763338398.223350.png
1763338398.2555046,1763338398.255505.png
1763338398.2875361,1763338398.287536.png
1763338398.3870645,1763338398.387064.png
1763338398.41902,1763338398.419020.png
1763338398.455324,1763338398.455324.png
1763338398.487218,1763338398.487218.png
1763338398.5194387,1763338398.519439.png
1763338398.551528,1763338398.551528.png
1763338398.58767,1763338398.587670.png
1763338398.6197417,1763338398.619742.png
1763338398.7183414,1763338398.718341.png
1763338398.750353,1763338398.750353.png
1763338398.786413,1763338398.786413.png
1763338398.8183906,1763338398.818391.png
1763338398.8505242,1763338398.850524.png
1763338398.8865566,1763338398.886557.png
1763338398.9187138,1763338398.918714.png
1763338398.950782,1763338398.950782.png
1763338398.9868462,1763338398.986846.png
1763338399.018822,1763338399.018822.png
1763338399.0508554,1763338399.050855.png
1763338399.0868573,1763338399.086857.png
1763338399.1191251,1763338399.119125.png
1763338399.1512163,1763338399.151216.png
1763338399.1832583,1763338399.183258.png
1763338399.2192345,1763338399.219234.png
1763338399.2510924,1763338399.251092.png
1763338399.2831511,1763338399.283151.png
1763338399.319263,1763338399.319263.png
1763338399.3512342,1763338399.351234.png
1763338399.3832712,1763338399.383271.png
1763338399.4191425,1763338399.419142.png
1763338399.4512508,1763338399.451251.png
1763338399.483276,1763338399.483276.png
1763338399.5190995,1763338399.519099.png
1763338399.5512452,1763338399.551245.png
1763338399.5832705,1763338399.583271.png
1763338399.6150494,1763338399.615049.png
1763338399.651062,1763338399.651062.png
1763338399.683165,1763338399.683165.png
1763338399.715516,1763338399.715516.png
1763338399.751594,1763338399.751594.png
1763338399.7837725,1763338399.783772.png
1763338399.8155499,1763338399.815550.png
1763338399.8522243,1763338399.852224.png
1763338399.8842568,1763338399.884257.png
1763338399.9161677,1763338399.916168.png
1763338399.952253,1763338399.952253.png
1763338399.9841683,1763338399.984168.png
1763338400.0161986,1763338400.016199.png
1763338400.0522575,1763338400.052258.png
1763338400.084237,1763338400.084237.png
1763338400.1159678,1763338400.115968.png
1763338400.1521611,1763338400.152161.png
1763338400.1841772,1763338400.184177.png
1763338400.2159815,1763338400.215981.png
1763338400.2478242,1763338400.247824.png
1763338400.2841806,1763338400.284181.png
1763338400.3161447,1763338400.316145.png
1763338400.348202,1763338400.348202.png
1763338400.3840919,1763338400.384092.png
1763338400.415918,1763338400.415918.png
1763338400.4479845,1763338400.447984.png
1763338400.4839473,1763338400.483947.png
1763338400.5159564,1763338400.515956.png
1763338400.5479133,1763338400.547913.png
1763338400.6460094,1763338400.646009.png
1763338400.6779644,1763338400.677964.png
1763338400.7139404,1763338400.713940.png
1763338400.7458968,1763338400.745897.png
1763338400.7780511,1763338400.778051.png
1763338400.8140037,1763338400.814004.png
1763338400.846024,1763338400.846024.png
1763338400.8780217,1763338400.878022.png
1763338400.9100065,1763338400.910007.png
1763338400.9460416,1763338400.946042.png
1763338400.9780357,1763338400.978036.png
1763338401.0140238,1763338401.014024.png
1763338401.046088,1763338401.046088.png
1763338401.0780988,1763338401.078099.png
1763338401.1101413,1763338401.110141.png
1763338401.1460662,1763338401.146066.png
1763338401.1781454,1763338401.178145.png
1763338401.2101548,1763338401.210155.png
1763338401.2462041,1763338401.246204.png
1763338401.2782295,1763338401.278229.png
1763338401.3102913,1763338401.310291.png
1763338401.346301,1763338401.346301.png
1763338401.378323,1763338401.378323.png
1763338401.4103453,1763338401.410345.png
1763338401.4423442,1763338401.442344.png
1763338401.4783056,1763338401.478306.png
1763338401.5104358,1763338401.510436.png
1763338401.546426,1763338401.546426.png
1763338401.5784883,1763338401.578488.png
1763338401.610484,1763338401.610484.png
1763338401.6425078,1763338401.642508.png
1763338401.6784582,1763338401.678458.png
1763338401.710445,1763338401.710445.png
1763338401.7427456,1763338401.742746.png
1763338401.7787924,1763338401.778792.png
1763338401.8108597,1763338401.810860.png
1763338401.8426356,1763338401.842636.png
1763338401.878871,1763338401.878871.png
1763338401.910934,1763338401.910934.png
1763338401.9429512,1763338401.942951.png
1763338401.9750588,1763338401.975059.png
1763338402.010952,1763338402.010952.png
1763338402.0429742,1763338402.042974.png
1763338402.0749836,1763338402.074984.png
1763338402.110958,1763338402.110958.png
1763338402.1429982,1763338402.142998.png
1763338402.1751833,1763338402.175183.png
1763338402.2111275,1763338402.211128.png
1763338402.243175,1763338402.243175.png
1763338402.2752388,1763338402.275239.png
1763338402.3072958,1763338402.307296.png
1763338402.3430233,1763338402.343023.png
1763338402.3753927,1763338402.375393.png
1763338402.4075668,1763338402.407567.png
1763338402.4436038,1763338402.443604.png
1763338402.475667,1763338402.475667.png
1763338402.507871,1763338402.507871.png
1763338402.5437756,1763338402.543776.png
1763338402.5759401,1763338402.575940.png
1763338402.607882,1763338402.607882.png
1763338402.706507,1763338402.706507.png
1763338402.7424462,1763338402.742446.png
1763338402.77461,1763338402.774610.png
1763338402.8065217,1763338402.806522.png
1763338402.8425264,1763338402.842526.png
1763338402.8745644,1763338402.874564.png
1763338402.9065557,1763338402.906556.png
1763338402.942568,1763338402.942568.png
1763338402.9747548,1763338402.974755.png
1763338403.0064812,1763338403.006481.png
1763338403.0386448,1763338403.038645.png
1763338403.074725,1763338403.074725.png
1763338403.1068876,1763338403.106888.png
1763338403.1389248,1763338403.138925.png
1763338403.175082,1763338403.175082.png
1763338403.2070339,1763338403.207034.png
1763338403.2389905,1763338403.238991.png
1763338403.2710216,1763338403.271022.png
1763338403.3070283,1763338403.307028.png
1763338403.3391798,1763338403.339180.png
1763338403.371175,1763338403.371175.png
1763338403.407166,1763338403.407166.png
1763338403.4391196,1763338403.439120.png
1763338403.4711533,1763338403.471153.png
1763338403.507222,1763338403.507222.png
1763338403.5392275,1763338403.539227.png
1763338403.5714679,1763338403.571468.png
1763338403.6073065,1763338403.607306.png
1763338403.6393847,1763338403.639385.png
1763338403.671423,1763338403.671423.png
1763338403.707511,1763338403.707511.png
1763338403.7395368,1763338403.739537.png
1763338403.7717125,1763338403.771713.png
1763338403.8038292,1763338403.803829.png
1763338403.8398569,1763338403.839857.png
1763338403.8718338,1763338403.871834.png
1763338403.9079757,1763338403.907976.png
1763338403.9399457,1763338403.939946.png
1763338403.97212,1763338403.972120.png
1763338404.0041902,1763338404.004190.png
1763338404.1025412,1763338404.102541.png
1763338404.1385088,1763338404.138509.png
1763338404.1704907,1763338404.170491.png
1763338404.202484,1763338404.202484.png
1763338404.2345676,1763338404.234568.png
1763338404.2704096,1763338404.270410.png
1763338404.3025553,1763338404.302555.png
1763338404.3384104,1763338404.338410.png
1763338404.3706453,1763338404.370645.png
1763338404.402654,1763338404.402654.png
1763338404.4347897,1763338404.434790.png
1763338404.470677,1763338404.470677.png
1763338404.5029974,1763338404.502997.png
1763338404.5350394,1763338404.535039.png
1763338404.5711255,1763338404.571126.png
1763338404.6031237,1763338404.603124.png
1763338404.6352222,1763338404.635222.png
1763338404.6671288,1763338404.667129.png
1763338404.7031796,1763338404.703180.png
1763338404.735274,1763338404.735274.png
1763338404.7712967,1763338404.771297.png
1763338404.8034227,1763338404.803423.png
1763338404.835545,1763338404.835545.png
1763338404.867559,1763338404.867559.png
1763338404.903599,1763338404.903599.png
1763338404.9355795,1763338404.935580.png
1763338404.96773,1763338404.967730.png
1763338405.0038092,1763338405.003809.png
1763338405.0357099,1763338405.035710.png
1763338405.0717196,1763338405.071720.png
1763338405.1038883,1763338405.103888.png
1763338405.1359675,1763338405.135967.png
1763338405.1682642,1763338405.168264.png
1763338405.2043784,1763338405.204378.png
1763338405.2363408,1763338405.236341.png
1763338405.2682004,1763338405.268200.png
1763338405.3044124,1763338405.304412.png
1763338405.336344,1763338405.336344.png
1763338405.3683012,1763338405.368301.png
1763338405.404425,1763338405.404425.png
1763338405.4361818,1763338405.436182.png
1763338405.4683251,1763338405.468325.png
1763338405.5002759,1763338405.500276.png
1763338405.5362859,1763338405.536286.png
1763338405.5685043,1763338405.568504.png
1763338405.6004014,1763338405.600401.png
1763338405.6364455,1763338405.636446.png
1763338405.668313,1763338405.668313.png
1763338405.700341,1763338405.700341.png
1763338405.7363608,1763338405.736361.png
1763338405.7683744,1763338405.768374.png
1763338405.8004382,1763338405.800438.png
1763338405.8363461,1763338405.836346.png
1763338405.8682992,1763338405.868299.png
1763338405.900242,1763338405.900242.png
1763338405.9323363,1763338405.932336.png
1763338405.968419,1763338405.968419.png
1763338406.0004604,1763338406.000460.png
1763338406.032454,1763338406.032454.png
1763338406.0684335,1763338406.068434.png
1763338406.1004238,1763338406.100424.png
1763338406.132458,1763338406.132458.png
1763338406.168247,1763338406.168247.png
1763338406.2002723,1763338406.200272.png
1763338406.2325165,1763338406.232517.png
1763338406.2645757,1763338406.264576.png
1763338406.3004463,1763338406.300446.png
1763338406.398241,1763338406.398241.png
1763338406.4302275,1763338406.430228.png
1763338406.4621758,1763338406.462176.png
1763338406.4942553,1763338406.494255.png
1763338406.5301766,1763338406.530177.png
1763338406.5622137,1763338406.562214.png
1763338406.59424,1763338406.594240.png
1763338406.6301777,1763338406.630178.png
1763338406.6622198,1763338406.662220.png
1763338406.6942508,1763338406.694251.png
1763338406.730151,1763338406.730151.png
1763338406.7622094,1763338406.762209.png
1763338406.7942865,1763338406.794286.png
1763338406.830202,1763338406.830202.png
1763338406.8622713,1763338406.862271.png
1763338406.8943489,1763338406.894349.png
1763338406.9303033,1763338406.930303.png
1763338406.9623654,1763338406.962365.png
1763338406.9944432,1763338406.994443.png
1763338407.0303645,1763338407.030365.png
1763338407.0623667,1763338407.062367.png
1763338407.0945911,1763338407.094591.png
1763338407.126425,1763338407.126425.png
1763338407.1624477,1763338407.162448.png
1763338407.1945496,1763338407.194550.png
1763338407.2265084,1763338407.226508.png
1763338407.2585468,1763338407.258547.png
1763338407.294693,1763338407.294693.png
1763338407.3265586,1763338407.326559.png
1763338407.358569,1763338407.358569.png
1763338407.3946104,1763338407.394610.png
1763338407.4265444,1763338407.426544.png
1763338407.458568,1763338407.458568.png
1763338407.4947183,1763338407.494718.png
1763338407.52662,1763338407.526620.png
1763338407.5585907,1763338407.558591.png
1763338407.594751,1763338407.594751.png
1763338407.6266656,1763338407.626666.png
1763338407.6627572,1763338407.662757.png
1763338407.6948211,1763338407.694821.png
1763338407.7267673,1763338407.726767.png
1763338407.7587976,1763338407.758798.png
1763338407.7948556,1763338407.794856.png
1763338407.826649,1763338407.826649.png
1763338407.8588195,1763338407.858819.png
1763338407.894851,1763338407.894851.png
1763338407.9269192,1763338407.926919.png
1763338407.9589336,1763338407.958934.png
1763338407.9909625,1763338407.990963.png
1763338408.026992,1763338408.026992.png
1763338408.0589511,1763338408.058951.png
1763338408.0909588,1763338408.090959.png
1763338408.1272368,1763338408.127237.png
1763338408.1592147,1763338408.159215.png
1763338408.1913188,1763338408.191319.png
1763338408.2273264,1763338408.227326.png
1763338408.2593296,1763338408.259330.png
1763338408.2913518,1763338408.291352.png
1763338408.3233922,1763338408.323392.png
1763338408.3592908,1763338408.359291.png
1763338408.3914604,1763338408.391460.png
1763338408.4275088,1763338408.427509.png
1763338408.4594834,1763338408.459483.png
1763338408.4914749,1763338408.491475.png
1763338408.5276031,1763338408.527603.png
1763338408.5596147,1763338408.559615.png
1763338408.5916004,1763338408.591600.png
1763338408.6235073,1763338408.623507.png
1763338408.6596432,1763338408.659643.png
1763338408.691685,1763338408.691685.png
1763338408.723769,1763338408.723769.png
1763338408.759749,1763338408.759749.png
1763338408.7919788,1763338408.791979.png
1763338408.8240755,1763338408.824075.png
1763338408.8601453,1763338408.860145.png
1763338408.892153,1763338408.892153.png
1763338408.924367,1763338408.924367.png
1763338408.9602656,1763338408.960266.png
1763338408.9923706,1763338408.992371.png
1763338409.0243592,1763338409.024359.png
1763338409.1228728,1763338409.122873.png
1763338409.1548715,1763338409.154871.png
1763338409.1907787,1763338409.190779.png
1763338409.2227454,1763338409.222745.png
1763338409.2549124,1763338409.254912.png
1763338409.2908106,1763338409.290811.png
1763338409.3228648,1763338409.322865.png
1763338409.354865,1763338409.354865.png
1763338409.3869693,1763338409.386969.png
1763338409.4229634,1763338409.422963.png
1763338409.455081,1763338409.455081.png
1763338409.486998,1763338409.486998.png
1763338409.523255,1763338409.523255.png
1763338409.5552173,1763338409.555217.png
1763338409.5873868,1763338409.587387.png
1763338409.6233454,1763338409.623345.png
1763338409.6553824,1763338409.655382.png
1763338409.6873698,1763338409.687370.png
1763338409.723368,1763338409.723368.png
1763338409.7554057,1763338409.755406.png
1763338409.7873635,1763338409.787364.png
1763338409.8233376,1763338409.823338.png
1763338409.8555045,1763338409.855505.png
1763338409.8873317,1763338409.887332.png
1763338409.919547,1763338409.919547.png
1763338409.9555387,1763338409.955539.png
1763338409.9875166,1763338409.987517.png
1763338410.0195901,1763338410.019590.png
1763338410.0554922,1763338410.055492.png
1763338410.0875244,1763338410.087524.png
1763338410.1195915,1763338410.119591.png
1763338410.1555684,1763338410.155568.png
1763338410.1877882,1763338410.187788.png
1763338410.2197826,1763338410.219783.png
1763338410.2519548,1763338410.251955.png
1763338410.28781,1763338410.287810.png
1763338410.3193436,1763338410.319344.png
1763338410.3560214,1763338410.356021.png
1763338410.3874552,1763338410.387455.png
1763338410.4199805,1763338410.419981.png
1763338410.5195427,1763338410.519543.png
1763338410.5514824,1763338410.551482.png
1763338410.5835805,1763338410.583580.png
1763338410.6195357,1763338410.619536.png
1763338410.6515868,1763338410.651587.png
1763338410.6876044,1763338410.687604.png
1763338410.7196157,1763338410.719616.png
1763338410.7516804,1763338410.751680.png
1763338410.7838907,1763338410.783891.png
1763338410.8199232,1763338410.819923.png
1763338410.852033,1763338410.852033.png
1763338410.8880515,1763338410.888052.png
1763338410.9202044,1763338410.920204.png
1763338410.9521818,1763338410.952182.png
1763338410.9843414,1763338410.984341.png
1763338411.0203097,1763338411.020310.png
1763338411.1156433,1763338411.115643.png
1763338411.1516225,1763338411.151623.png
1763338411.1836894,1763338411.183689.png
1763338411.219598,1763338411.219598.png
1763338411.2516015,1763338411.251601.png
1763338411.2835968,1763338411.283597.png
1763338411.319744,1763338411.319744.png
1763338411.3514705,1763338411.351470.png
1763338411.3839507,1763338411.383951.png
1763338411.4159167,1763338411.415917.png
1763338411.4520671,1763338411.452067.png
1763338411.4841013,1763338411.484101.png
1763338411.5161493,1763338411.516149.png
1763338411.5522938,1763338411.552294.png
1763338411.584591,1763338411.584591.png
1763338411.616442,1763338411.616442.png
1763338411.7151039,1763338411.715104.png
1763338411.7510314,1763338411.751031.png
1763338411.7830179,1763338411.783018.png
1763338411.8151035,1763338411.815104.png
1763338411.8509903,1763338411.850990.png
1763338411.882999,1763338411.882999.png
1763338411.9151506,1763338411.915151.png
1763338411.94704,1763338411.947040.png
1763338411.983094,1763338411.983094.png
1763338412.0151503,1763338412.015150.png
1763338412.047045,1763338412.047045.png
1763338412.0830925,1763338412.083092.png
1763338412.1153767,1763338412.115377.png
1763338412.1473005,1763338412.147300.png
1763338412.1834164,1763338412.183416.png
1763338412.215489,1763338412.215489.png
1763338412.2474232,1763338412.247423.png
1763338412.2835407,1763338412.283541.png
1763338412.3155053,1763338412.315505.png
1763338412.3475258,1763338412.347526.png
1763338412.3835945,1763338412.383595.png
1763338412.4155893,1763338412.415589.png
1763338412.4474876,1763338412.447488.png
1763338412.4789405,1763338412.478940.png
1763338412.5157862,1763338412.515786.png
1763338412.547614,1763338412.547614.png
1763338412.5789714,1763338412.578971.png
1763338412.6154625,1763338412.615463.png
1763338412.6470208,1763338412.647021.png
1763338412.6790438,1763338412.679044.png
1763338412.711755,1763338412.711755.png
1763338412.7470856,1763338412.747086.png
1763338412.7793767,1763338412.779377.png
1763338412.815005,1763338412.815005.png
1763338412.8473337,1763338412.847334.png
1763338412.88014,1763338412.880140.png
1763338412.9113283,1763338412.911328.png
1763338412.9480634,1763338412.948063.png
1763338412.988927,1763338412.988927.png
1763338413.0123267,1763338413.012327.png
1763338413.0493577,1763338413.049358.png
1763338413.0794609,1763338413.079461.png
1763338413.113489,1763338413.113489.png
1763338413.1491506,1763338413.149151.png
1763338413.1805735,1763338413.180573.png
1763338413.2122447,1763338413.212245.png
1763338413.248222,1763338413.248222.png
1763338413.2804887,1763338413.280489.png
1763338413.3135781,1763338413.313578.png
1763338413.410886,1763338413.410886.png
1763338413.4486253,1763338413.448625.png
1763338413.543348,1763338413.543348.png
1763338413.5796845,1763338413.579684.png
1763338413.611567,1763338413.611567.png
1763338413.6435227,1763338413.643523.png
1763338413.6759188,1763338413.675919.png
1763338413.7104366,1763338413.710437.png
1763338413.7424302,1763338413.742430.png
1763338413.7757103,1763338413.775710.png
1763338413.8113544,1763338413.811354.png
1763338413.8431604,1763338413.843160.png
1763338413.8762221,1763338413.876222.png
1763338413.911199,1763338413.911199.png
1763338413.9440985,1763338413.944098.png
1763338413.9754589,1763338413.975459.png
1763338414.0112338,1763338414.011234.png
1763338414.0429273,1763338414.042927.png
1763338414.1442695,1763338414.144269.png
1763338414.175405,1763338414.175405.png
1763338414.2083442,1763338414.208344.png
1763338414.2437463,1763338414.243746.png
1763338414.2757697,1763338414.275770.png
1763338414.3076975,1763338414.307698.png
1763338414.3444645,1763338414.344465.png
1763338414.376586,1763338414.376586.png
1763338414.4761808,1763338414.476181.png
1763338414.508158,1763338414.508158.png
1763338414.5442824,1763338414.544282.png
1763338414.5763924,1763338414.576392.png
1763338414.6083999,1763338414.608400.png
1763338414.64445,1763338414.644450.png
1763338414.6764653,1763338414.676465.png
1763338414.7084274,1763338414.708427.png
1763338414.808221,1763338414.808221.png
1763338414.8441262,1763338414.844126.png
1763338414.8763013,1763338414.876301.png
1763338414.90831,1763338414.908310.png
1763338414.9404695,1763338414.940470.png
1763338414.9763434,1763338414.976343.png
1763338415.008458,1763338415.008458.png
1763338415.0405467,1763338415.040547.png
1763338415.14016,1763338415.140160.png
1763338415.176124,1763338415.176124.png
1763338415.2082393,1763338415.208239.png
1763338415.2402904,1763338415.240290.png
1763338415.2724369,1763338415.272437.png
1763338415.3084514,1763338415.308451.png
1763338415.340557,1763338415.340557.png
1763338415.372577,1763338415.372577.png
1763338415.4095423,1763338415.409542.png
1763338415.441608,1763338415.441608.png
1763338415.4735904,1763338415.473590.png
1763338415.5726836,1763338415.572684.png
1763338415.6046045,1763338415.604604.png
1763338415.7081387,1763338415.708139.png
1763338415.7401676,1763338415.740168.png
1763338415.772331,1763338415.772331.png
1763338415.8042505,1763338415.804250.png
1763338415.840409,1763338415.840409.png
1763338415.8724353,1763338415.872435.png
1763338415.9045308,1763338415.904531.png
1763338415.9405272,1763338415.940527.png
1763338415.9737723,1763338415.973772.png
1763338416.005617,1763338416.005617.png
1763338416.0416777,1763338416.041678.png
1763338416.0736878,1763338416.073688.png
1763338416.1054256,1763338416.105426.png
1763338416.141695,1763338416.141695.png
1763338416.173735,1763338416.173735.png
1763338416.2376263,1763338416.237626.png
1763338416.272556,1763338416.272556.png
1763338416.3045223,1763338416.304522.png
1763338416.3376138,1763338416.337614.png
1763338416.373586,1763338416.373586.png
1763338416.4056208,1763338416.405621.png
1763338416.4374611,1763338416.437461.png
1763338416.4695814,1763338416.469581.png
1763338416.5055976,1763338416.505598.png
1763338416.537569,1763338416.537569.png
1763338416.569588,1763338416.569588.png
1763338416.605541,1763338416.605541.png
1763338416.6374161,1763338416.637416.png
1763338416.6694613,1763338416.669461.png
1763338416.7057383,1763338416.705738.png
1763338416.7375,1763338416.737500.png
1763338416.7696254,1763338416.769625.png
1763338416.8056169,1763338416.805617.png
1763338416.8376713,1763338416.837671.png
1763338416.8694913,1763338416.869491.png
1763338416.9056377,1763338416.905638.png
1763338416.9376502,1763338416.937650.png
1763338416.9695957,1763338416.969596.png
1763338417.005643,1763338417.005643.png
1763338417.037639,1763338417.037639.png
1763338417.069626,1763338417.069626.png
1763338417.1056368,1763338417.105637.png
1763338417.1375642,1763338417.137564.png
1763338417.1694732,1763338417.169473.png
1763338417.2015517,1763338417.201552.png
1763338417.2376025,1763338417.237602.png
1763338417.269615,1763338417.269615.png
1763338417.3016527,1763338417.301653.png
1763338417.3376112,1763338417.337611.png
1763338417.3693252,1763338417.369325.png
1763338417.401654,1763338417.401654.png
1763338417.4376497,1763338417.437650.png
1763338417.4696047,1763338417.469605.png
1763338417.5016205,1763338417.501621.png
1763338417.5374534,1763338417.537453.png
1763338417.5696232,1763338417.569623.png
1763338417.6015446,1763338417.601545.png
1763338417.6337154,1763338417.633715.png
1763338417.7326798,1763338417.732680.png
1763338417.7685928,1763338417.768593.png
1763338417.868275,1763338417.868275.png
1763338417.9003055,1763338417.900306.png
1763338417.9324844,1763338417.932484.png
1763338417.9644625,1763338417.964463.png
1763338418.000506,1763338418.000506.png
1763338418.0326736,1763338418.032674.png
1763338418.068691,1763338418.068691.png
1763338418.1006727,1763338418.100673.png
1763338418.1999693,1763338418.199969.png
1763338418.2319505,1763338418.231951.png
1763338418.2640502,1763338418.264050.png
1763338418.3000205,1763338418.300020.png
1763338418.3320389,1763338418.332039.png
1763338418.3640523,1763338418.364052.png
1763338418.3961663,1763338418.396166.png
1763338418.4321938,1763338418.432194.png
1763338418.4643977,1763338418.464398.png
1763338418.4964497,1763338418.496450.png
1763338418.5325625,1763338418.532562.png
1763338418.564583,1763338418.564583.png
1763338418.596666,1763338418.596666.png
1763338418.632756,1763338418.632756.png
1763338418.6647403,1763338418.664740.png
1763338418.6968236,1763338418.696824.png
1763338418.7954583,1763338418.795458.png
1763338418.8274279,1763338418.827428.png
1763338418.863365,1763338418.863365.png
1763338418.8953574,1763338418.895357.png
1763338418.9273946,1763338418.927395.png
1763338418.9633648,1763338418.963365.png
1763338418.9954805,1763338418.995481.png
1763338419.031505,1763338419.031505.png
1763338419.0635703,1763338419.063570.png
1763338419.095484,1763338419.095484.png
1763338419.127555,1763338419.127555.png
1763338419.163571,1763338419.163571.png
1763338419.1957877,1763338419.195788.png
1763338419.2277968,1763338419.227797.png
1763338419.2639177,1763338419.263918.png
1763338419.2959175,1763338419.295918.png
1763338419.3279667,1763338419.327967.png
1763338419.3639567,1763338419.363957.png
1763338419.3960226,1763338419.396023.png
1763338419.4280536,1763338419.428054.png
1763338419.4601092,1763338419.460109.png
1763338419.4961965,1763338419.496197.png
1763338419.5281148,1763338419.528115.png
1763338419.5601072,1763338419.560107.png
1763338419.5962267,1763338419.596227.png
1763338419.6281843,1763338419.628184.png
1763338419.6602392,1763338419.660239.png
1763338419.6923225,1763338419.692322.png
1763338419.7282412,1763338419.728241.png
1763338419.7602508,1763338419.760251.png
1763338419.7963011,1763338419.796301.png
1763338419.8283188,1763338419.828319.png
1763338419.8605711,1763338419.860571.png
1763338419.8924887,1763338419.892489.png
1763338419.9286249,1763338419.928625.png
1763338419.960634,1763338419.960634.png
1763338419.9927402,1763338419.992740.png
1763338420.0287306,1763338420.028731.png
1763338420.0608602,1763338420.060860.png
1763338420.0928724,1763338420.092872.png
1763338420.1921785,1763338420.192178.png
1763338420.2242029,1763338420.224203.png
1763338420.2602134,1763338420.260213.png
1763338420.2922268,1763338420.292227.png
1763338420.328247,1763338420.328247.png
1763338420.3603885,1763338420.360389.png
1763338420.3924344,1763338420.392434.png
1763338420.4244418,1763338420.424442.png
1763338420.460684,1763338420.460684.png
1763338420.4927044,1763338420.492704.png
1763338420.5247693,1763338420.524769.png
1763338420.5608213,1763338420.560821.png
1763338420.5929515,1763338420.592952.png
1763338420.6249034,1763338420.624903.png
1763338420.6610205,1763338420.661021.png
1763338420.6930754,1763338420.693075.png
1763338420.7915983,1763338420.791598.png
1763338420.8235648,1763338420.823565.png
1763338420.855504,1763338420.855504.png
1763338420.8915591,1763338420.891559.png
1763338420.9235408,1763338420.923541.png
1763338420.9595811,1763338420.959581.png
1763338420.9916675,1763338420.991668.png
1763338421.0236049,1763338421.023605.png
1763338421.0556598,1763338421.055660.png
1763338421.0875838,1763338421.087584.png
1763338421.123692,1763338421.123692.png
1763338421.1556988,1763338421.155699.png
1763338421.1879482,1763338421.187948.png
1763338421.2239916,1763338421.223992.png
1763338421.256118,1763338421.256118.png
1763338421.292152,1763338421.292152.png
1763338421.3241882,1763338421.324188.png
1763338421.3562255,1763338421.356225.png
1763338421.3881533,1763338421.388153.png
1763338421.4201984,1763338421.420198.png
1763338421.4561985,1763338421.456198.png
1763338421.4882228,1763338421.488223.png
1763338421.5242379,1763338421.524238.png
1763338421.5562384,1763338421.556238.png
1763338421.5883353,1763338421.588335.png
1763338421.6203375,1763338421.620337.png
1763338421.6563737,1763338421.656374.png
1763338421.6884582,1763338421.688458.png
1763338421.7245493,1763338421.724549.png
1763338421.756365,1763338421.756365.png
1763338421.788522,1763338421.788522.png
1763338421.8205543,1763338421.820554.png
1763338421.8567805,1763338421.856781.png
1763338421.8887053,1763338421.888705.png
1763338421.9208949,1763338421.920895.png
1763338421.9568665,1763338421.956867.png
1763338421.9890125,1763338421.989012.png
1763338422.0210888,1763338422.021089.png
1763338422.0570815,1763338422.057081.png
1763338422.089172,1763338422.089172.png
1763338422.1877391,1763338422.187739.png
1763338422.2196598,1763338422.219660.png
1763338422.2516692,1763338422.251669.png
1763338422.287647,1763338422.287647.png
1763338422.3196585,1763338422.319659.png
1763338422.3515933,1763338422.351593.png
1763338422.387759,1763338422.387759.png
1763338422.4197392,1763338422.419739.png
1763338422.4517388,1763338422.451739.png
1763338422.4837527,1763338422.483753.png
1763338422.5197618,1763338422.519762.png
1763338422.5517764,1763338422.551776.png
1763338422.5841737,1763338422.584174.png
1763338422.6200883,1763338422.620088.png
1763338422.6522505,1763338422.652251.png
1763338422.6882448,1763338422.688245.png
1763338422.7202764,1763338422.720276.png
1763338422.752287,1763338422.752287.png
1763338422.7843735,1763338422.784374.png
1763338422.820369,1763338422.820369.png
1763338422.8524077,1763338422.852408.png
1763338422.884363,1763338422.884363.png
1763338422.9203491,1763338422.920349.png
1763338422.9523249,1763338422.952325.png
1763338422.9844172,1763338422.984417.png
1763338423.0205128,1763338423.020513.png
1763338423.0525947,1763338423.052595.png
1763338423.0845315,1763338423.084532.png
1763338423.1205208,1763338423.120521.png
1763338423.1525652,1763338423.152565.png
1763338423.1846704,1763338423.184670.png
1763338423.2166834,1763338423.216683.png
1763338423.2529242,1763338423.252924.png
1763338423.2849483,1763338423.284948.png
1763338423.317126,1763338423.317126.png
1763338423.3531575,1763338423.353158.png
1763338423.3853083,1763338423.385308.png
1763338423.4172583,1763338423.417258.png
1763338423.4533422,1763338423.453342.png
1763338423.4852405,1763338423.485240.png
1763338423.5834923,1763338423.583492.png
1763338423.6154351,1763338423.615435.png
1763338423.6475601,1763338423.647560.png
1763338423.6795075,1763338423.679507.png
1763338423.7155957,1763338423.715596.png
1763338423.7475069,1763338423.747507.png
1763338423.783591,1763338423.783591.png
1763338423.8156118,1763338423.815612.png
1763338423.8476582,1763338423.847658.png
1763338423.883591,1763338423.883591.png
1763338423.9156315,1763338423.915632.png
1763338423.9477012,1763338423.947701.png
1763338423.9796674,1763338423.979667.png
1763338424.0156782,1763338424.015678.png
1763338424.0476978,1763338424.047698.png
1763338424.079671,1763338424.079671.png
1763338424.1156938,1763338424.115694.png
1763338424.1477265,1763338424.147727.png
1763338424.1798937,1763338424.179894.png
1763338424.2158227,1763338424.215823.png
1763338424.2478597,1763338424.247860.png
1763338424.279892,1763338424.279892.png
1763338424.315892,1763338424.315892.png
1763338424.3478093,1763338424.347809.png
1763338424.3801043,1763338424.380104.png
1763338424.4159627,1763338424.415963.png
1763338424.4480786,1763338424.448079.png
1763338424.480113,1763338424.480113.png
1763338424.516122,1763338424.516122.png
1763338424.5481462,1763338424.548146.png
1763338424.5802205,1763338424.580220.png
1763338424.6122901,1763338424.612290.png
1763338424.648547,1763338424.648547.png
1763338424.6805918,1763338424.680592.png
1763338424.7127016,1763338424.712702.png
1763338424.7486963,1763338424.748696.png
1763338424.7807612,1763338424.780761.png
1763338424.8127248,1763338424.812725.png
1763338424.848617,1763338424.848617.png
1763338424.880712,1763338424.880712.png
1763338424.9127574,1763338424.912757.png
1763338424.9447663,1763338424.944766.png
1763338424.9807937,1763338424.980794.png
1763338425.0128293,1763338425.012829.png
1763338425.0488753,1763338425.048875.png
1763338425.0810742,1763338425.081074.png
1763338425.1129022,1763338425.112902.png
1763338425.1488247,1763338425.148825.png
1763338425.180851,1763338425.180851.png
1763338425.2128496,1763338425.212850.png
1763338425.2489405,1763338425.248940.png
1763338425.281091,1763338425.281091.png
1763338425.3133628,1763338425.313363.png
1763338425.3452675,1763338425.345268.png
1763338425.3813682,1763338425.381368.png
1763338425.4133756,1763338425.413376.png
1763338425.4455056,1763338425.445506.png
1763338425.4813974,1763338425.481397.png
1763338425.5135517,1763338425.513552.png
1763338425.5455718,1763338425.545572.png
1763338425.64351,1763338425.643510.png
1763338425.6854632,1763338425.685463.png
1763338425.7114124,1763338425.711412.png
1763338425.7535222,1763338425.753522.png
1763338425.7751057,1763338425.775106.png
1763338425.8215237,1763338425.821524.png
1763338425.8532119,1763338425.853212.png
1763338425.8854616,1763338425.885462.png
1763338425.9172494,1763338425.917249.png
1763338425.9533257,1763338425.953326.png
1763338425.9749086,1763338425.974909.png
1763338426.0173147,1763338426.017315.png
1763338426.043176,1763338426.043176.png
1763338426.0854292,1763338426.085429.png
1763338426.1070955,1763338426.107095.png
1763338426.1534805,1763338426.153481.png
1763338426.1752498,1763338426.175250.png
1763338426.2176337,1763338426.217634.png
1763338426.2435663,1763338426.243566.png
1763338426.2755697,1763338426.275570.png
1763338426.3075857,1763338426.307586.png
1763338426.3436208,1763338426.343621.png
1763338426.3856053,1763338426.385605.png
1763338426.4173462,1763338426.417346.png
1763338426.4393573,1763338426.439357.png
1763338426.4759004,1763338426.475900.png
1763338426.5078683,1763338426.507868.png
1763338426.5399191,1763338426.539919.png
1763338426.572017,1763338426.572017.png
1763338426.6080446,1763338426.608045.png
1763338426.6399682,1763338426.639968.png
1763338426.6759524,1763338426.675952.png
1763338426.7080877,1763338426.708088.png
1763338426.7400484,1763338426.740048.png
1763338426.7720644,1763338426.772064.png
1763338426.8080199,1763338426.808020.png
1763338426.840072,1763338426.840072.png
1763338426.875971,1763338426.875971.png
1763338426.9079776,1763338426.907978.png
1763338426.9400413,1763338426.940041.png
1763338426.9759276,1763338426.975928.png
1763338427.007967,1763338427.007967.png
1763338427.0399644,1763338427.039964.png
1763338427.0719717,1763338427.071972.png
1763338427.1079803,1763338427.107980.png
1763338427.1399975,1763338427.139997.png
1763338427.1721416,1763338427.172142.png
1763338427.2042496,1763338427.204250.png
1763338427.2402835,1763338427.240283.png
1763338427.272274,1763338427.272274.png
1763338427.308277,1763338427.308277.png
1763338427.3402495,1763338427.340250.png
1763338427.3726268,1763338427.372627.png
1763338427.4084203,1763338427.408420.png
1763338427.44048,1763338427.440480.png
1763338427.4726174,1763338427.472617.png
1763338427.504621,1763338427.504621.png
1763338427.540616,1763338427.540616.png
1763338427.5727658,1763338427.572766.png
1763338427.6047907,1763338427.604791.png
1763338427.6408696,1763338427.640870.png
1763338427.6728768,1763338427.672877.png
1763338427.704827,1763338427.704827.png
1763338427.7408316,1763338427.740832.png
1763338427.772906,1763338427.772906.png
1763338427.8049755,1763338427.804976.png
1763338427.8369167,1763338427.836917.png
1763338427.8729553,1763338427.872955.png
1763338427.9049065,1763338427.904907.png
1763338427.93698,1763338427.936980.png
1763338427.972966,1763338427.972966.png
1763338428.005067,1763338428.005067.png
1763338428.0373893,1763338428.037389.png
1763338428.0734117,1763338428.073412.png
1763338428.1053896,1763338428.105390.png
1763338428.1372874,1763338428.137287.png
1763338428.1736724,1763338428.173672.png
1763338428.205571,1763338428.205571.png
1763338428.2374732,1763338428.237473.png
1763338428.2737,1763338428.273700.png
1763338428.3681645,1763338428.368165.png
1763338428.4040918,1763338428.404092.png
1763338428.436044,1763338428.436044.png
1763338428.467995,1763338428.467995.png
1763338428.5040915,1763338428.504092.png
1763338428.53597,1763338428.535970.png
1763338428.5680137,1763338428.568014.png
1763338428.604103,1763338428.604103.png
1763338428.636147,1763338428.636147.png
1763338428.6682425,1763338428.668242.png
1763338428.70412,1763338428.704120.png
1763338428.7361708,1763338428.736171.png
1763338428.768406,1763338428.768406.png
1763338428.8004124,1763338428.800412.png
1763338428.8365524,1763338428.836552.png
1763338428.8684826,1763338428.868483.png
1763338428.9004343,1763338428.900434.png
1763338428.9364274,1763338428.936427.png
1763338428.9684813,1763338428.968481.png
1763338429.0005949,1763338429.000595.png
1763338429.0365775,1763338429.036577.png
1763338429.0685592,1763338429.068559.png
1763338429.1006415,1763338429.100641.png
1763338429.1327026,1763338429.132703.png
1763338429.168693,1763338429.168693.png
1763338429.2005424,1763338429.200542.png
1763338429.2326746,1763338429.232675.png
1763338429.2686772,1763338429.268677.png
1763338429.300669,1763338429.300669.png
1763338429.3326793,1763338429.332679.png
1763338429.368815,1763338429.368815.png
1763338429.4006965,1763338429.400697.png
1763338429.4368834,1763338429.436883.png
1763338429.468771,1763338429.468771.png
1763338429.5010052,1763338429.501005.png
1763338429.536924,1763338429.536924.png
1763338429.5650973,1763338429.565097.png
1763338429.6011374,1763338429.601137.png
1763338429.633117,1763338429.633117.png
1763338429.6650872,1763338429.665087.png
1763338429.7021523,1763338429.702152.png
1763338429.7340865,1763338429.734087.png
1763338429.7700903,1763338429.770090.png
1763338429.8020704,1763338429.802070.png
1763338429.8341477,1763338429.834148.png
1763338429.870155,1763338429.870155.png
1763338429.9022179,1763338429.902218.png
1763338429.9342825,1763338429.934283.png
1763338429.9663064,1763338429.966306.png
1763338430.0022836,1763338430.002284.png
1763338430.0343113,1763338430.034311.png
1763338430.0661883,1763338430.066188.png
1763338430.1023636,1763338430.102364.png
1763338430.1342971,1763338430.134297.png
1763338430.1663513,1763338430.166351.png
1763338430.2023292,1763338430.202329.png
1763338430.2343433,1763338430.234343.png
1763338430.2661777,1763338430.266178.png
1763338430.3023262,1763338430.302326.png
1763338430.3342996,1763338430.334300.png
1763338430.366487,1763338430.366487.png
1763338430.3983805,1763338430.398381.png
1763338430.434392,1763338430.434392.png
1763338430.4662526,1763338430.466253.png
1763338430.4982622,1763338430.498262.png
1763338430.5343983,1763338430.534398.png
1763338430.56626,1763338430.566260.png
1763338430.598275,1763338430.598275.png
1763338430.6342802,1763338430.634280.png
1763338430.6663764,1763338430.666376.png
1763338430.698214,1763338430.698214.png
1763338430.7340846,1763338430.734085.png
1763338430.7662232,1763338430.766223.png
1763338430.798386,1763338430.798386.png
1763338430.8343332,1763338430.834333.png
1763338430.8660798,1763338430.866080.png
1763338430.8983583,1763338430.898358.png
1763338430.9302218,1763338430.930222.png
1763338430.9662821,1763338430.966282.png
1763338430.9983304,1763338430.998330.png
1763338431.0343401,1763338431.034340.png
1763338431.065993,1763338431.065993.png
1763338431.098282,1763338431.098282.png
1763338431.1299813,1763338431.129981.png
1763338431.162174,1763338431.162174.png
1763338431.1981263,1763338431.198126.png
1763338431.2302208,1763338431.230221.png
1763338431.2661774,1763338431.266177.png
1763338431.2981896,1763338431.298190.png
1763338431.3302648,1763338431.330265.png
1763338431.3622894,1763338431.362289.png
1763338431.398262,1763338431.398262.png
1763338431.4303656,1763338431.430366.png
1763338431.462365,1763338431.462365.png
1763338431.4982793,1763338431.498279.png
1763338431.5302079,1763338431.530208.png
1763338431.5622644,1763338431.562264.png
1763338431.5983043,1763338431.598304.png
1763338431.6300647,1763338431.630065.png
1763338431.66219,1763338431.662190.png
1763338431.6940181,1763338431.694018.png
1763338431.7299306,1763338431.729931.png
1763338431.7619302,1763338431.761930.png
1763338431.7979217,1763338431.797922.png
1763338431.8300252,1763338431.830025.png
1763338431.8617282,1763338431.861728.png
1763338431.8936183,1763338431.893618.png
1763338431.9298453,1763338431.929845.png
1763338431.9617562,1763338431.961756.png
1763338431.9938328,1763338431.993833.png
1763338432.0298038,1763338432.029804.png
1763338432.0618594,1763338432.061859.png
1763338432.0937517,1763338432.093752.png
1763338432.1256728,1763338432.125673.png
1763338432.1616912,1763338432.161691.png
1763338432.193896,1763338432.193896.png
1763338432.225808,1763338432.225808.png
1763338432.2617545,1763338432.261755.png
1763338432.293756,1763338432.293756.png
1763338432.325645,1763338432.325645.png
1763338432.361695,1763338432.361695.png
1763338432.3936126,1763338432.393613.png
1763338432.4257324,1763338432.425732.png
1763338432.4617736,1763338432.461774.png
1763338432.4937592,1763338432.493759.png
1763338432.525566,1763338432.525566.png
1763338432.5576732,1763338432.557673.png
1763338432.5937233,1763338432.593723.png
1763338432.6257806,1763338432.625781.png
1763338432.6577787,1763338432.657779.png
1763338432.693806,1763338432.693806.png
1763338432.725719,1763338432.725719.png
1763338432.7577055,1763338432.757705.png
1763338432.7937675,1763338432.793767.png
1763338432.825752,1763338432.825752.png
1763338432.8577194,1763338432.857719.png
1763338432.893739,1763338432.893739.png
1763338432.9257107,1763338432.925711.png
1763338432.9578893,1763338432.957889.png
1763338432.9938014,1763338432.993801.png
1763338433.0257177,1763338433.025718.png
1763338433.0578039,1763338433.057804.png
1763338433.089836,1763338433.089836.png
1763338433.1257858,1763338433.125786.png
1763338433.1578794,1763338433.157879.png
1763338433.1897817,1763338433.189782.png
1763338433.2258728,1763338433.225873.png
1763338433.25783,1763338433.257830.png
1763338433.2897663,1763338433.289766.png
1763338433.3217926,1763338433.321793.png
1763338433.357815,1763338433.357815.png
1763338433.3898852,1763338433.389885.png
1763338433.4258282,1763338433.425828.png
1763338433.4578018,1763338433.457802.png
1763338433.489796,1763338433.489796.png
1763338433.525847,1763338433.525847.png
1763338433.5577996,1763338433.557800.png
1763338433.589603,1763338433.589603.png
1763338433.6220937,1763338433.622094.png
1763338433.6578035,1763338433.657804.png
1763338433.6898289,1763338433.689829.png
1763338433.7218902,1763338433.721890.png
1763338433.7579157,1763338433.757916.png
1763338433.7898552,1763338433.789855.png
1763338433.8220892,1763338433.822089.png
1763338433.8578846,1763338433.857885.png
1763338433.8898337,1763338433.889834.png
1763338433.921851,1763338433.921851.png
1763338433.9577975,1763338433.957798.png
1763338433.989844,1763338433.989844.png
1763338434.021904,1763338434.021904.png
1763338434.0539315,1763338434.053931.png
1763338434.0897336,1763338434.089734.png
1763338434.1218455,1763338434.121845.png
1763338434.1538608,1763338434.153861.png
1763338434.1898265,1763338434.189826.png
1763338434.2217793,1763338434.221779.png
1763338434.2537966,1763338434.253797.png
1763338434.2898815,1763338434.289881.png
1763338434.321903,1763338434.321903.png
1763338434.353881,1763338434.353881.png
1763338434.38576,1763338434.385760.png
1763338434.4219203,1763338434.421920.png
1763338434.4538646,1763338434.453865.png
1763338434.4898825,1763338434.489882.png
1763338434.5218956,1763338434.521896.png
1763338434.5537941,1763338434.553794.png
1763338434.5859325,1763338434.585932.png
1763338434.6219232,1763338434.621923.png
1763338434.6538553,1763338434.653855.png
1763338434.685892,1763338434.685892.png
1763338434.7218132,1763338434.721813.png
1763338434.75381,1763338434.753810.png
1763338434.7857614,1763338434.785761.png
1763338434.8178668,1763338434.817867.png
1763338434.8539777,1763338434.853978.png
1763338434.8858962,1763338434.885896.png
1763338434.9219222,1763338434.921922.png
1763338434.9539003,1763338434.953900.png
1763338434.985855,1763338434.985855.png
1763338435.017847,1763338435.017847.png
1763338435.0539253,1763338435.053925.png
1763338435.0857687,1763338435.085769.png
1763338435.1179347,1763338435.117935.png
1763338435.1539924,1763338435.153992.png
1763338435.1858964,1763338435.185896.png
1763338435.2178624,1763338435.217862.png
1763338435.253919,1763338435.253919.png
1763338435.2858403,1763338435.285840.png
1763338435.3179643,1763338435.317964.png
1763338435.3539474,1763338435.353947.png
1763338435.3859766,1763338435.385977.png
1763338435.418034,1763338435.418034.png
1763338435.4539764,1763338435.453976.png
1763338435.4859037,1763338435.485904.png
1763338435.5178623,1763338435.517862.png
1763338435.5497909,1763338435.549791.png
1763338435.5819883,1763338435.581988.png
1763338435.6180122,1763338435.618012.png
1763338435.6499648,1763338435.649965.png
1763338435.681931,1763338435.681931.png
